,gdp_per_capita ($), gdp_for_year ($) ,age,sex,generation,population-1,suicides_no-1,country,year
0,0.2341729972976563,-0.3625874385923038,0.22808577638091168,0.8905635565617213,0.12643492558832695,-0.529157374372901,-0.4281106886500026,Bahamas,2010
1,-0.10099373071487572,-0.3556349601865848,0.22808577638091168,-1.1228844843604313,0.12643492558832695,-0.5145627557808589,-0.4244384243519887,Bahamas,2011
2,-0.34309016213960536,-0.36509558649216367,0.22808577638091168,0.8905635565617213,0.12643492558832695,-0.5304372259161884,-0.42823309745993643,Bahamas,2012
3,0.982407471885174,-0.1518197539559291,0.22808577638091168,-1.1228844843604313,0.12643492558832695,-0.34135133515138416,-0.18243620711287117,Bahamas,2013
4,-0.8725285660733181,-0.3664598322935283,-3.7254010142215566,-1.1228844843604313,-2.0651037846093394,-0.5301421132665691,-0.4270090093605985,Bahrain,2010
5,-0.5561157869739694,0.6162459745364065,0.22808577638091168,0.8905635565617213,0.12643492558832695,2.8899172958828823,0.7151875961316655,Bahrain,2011
6,-0.7788462525046659,-0.3445516082713288,0.22808577638091168,0.8905635565617213,0.12643492558832695,-0.39769091702521814,-0.3225942944870692,Bahrain,2012
7,-0.4812311378171326,-0.26979499384211714,0.22808577638091168,0.8905635565617213,0.12643492558832695,-0.23813948668364282,-0.16591101777180853,Bahrain,2013
8,-0.7889008171900556,-0.239309334724984,0.22808577638091168,0.8905635565617213,0.12643492558832695,0.25499342655135715,-0.15354772796849497,Barbados,2010
9,-0.6984097350215488,-0.35049083591961133,0.22808577638091168,0.8905635565617213,0.12643492558832695,-0.4566592351883269,-0.3948154923480097,Barbados,2011
10,0.3320082832363607,-0.3557021898901669,0.22808577638091168,0.8905635565617213,0.12643492558832695,-0.5207764688820256,-0.4249280595917239,Barbados,2012
11,-0.17574723337581608,-0.27471845939852224,0.22808577638091168,-1.1228844843604313,0.12643492558832695,-0.3458523037824677,-0.24963864376652597,Barbados,2013
12,1.609987170248016,-0.22373848063869897,0.22808577638091168,-1.1228844843604313,0.12643492558832695,-0.4363568926453863,-0.3527068617307834,Belgium,2010
13,-0.8601570799604256,-0.3361176876602944,0.22808577638091168,0.8905635565617213,0.12643492558832695,-0.2849498351300055,-0.31084304873342467,Belgium,2011
14,-0.9426919413778849,-0.3588692899259042,0.22808577638091168,0.8905635565617213,0.12643492558832695,-0.429945331415343,-0.3669062836831039,Belgium,2012
15,-0.4084011170960059,-0.3584049693418707,0.22808577638091168,0.8905635565617213,0.12643492558832695,-0.5113945914896075,-0.3959171716374139,Belgium,2013
16,1.0516528217184662,-0.25676825361673805,0.22808577638091168,-1.1228844843604313,0.12643492558832695,-0.43922721653128877,-0.30227443203805887,Belize,2010
17,0.8683974514525818,0.8093339351574014,0.22808577638091168,0.8905635565617213,0.12643492558832695,0.5856537691864027,0.8563249539853339,Belize,2011
18,-0.9664294571351308,-0.3619006375756127,0.22808577638091168,0.8905635565617213,0.12643492558832695,-0.45608142785398426,-0.4058322852420515,Belize,2012
19,0.8188677915023799,1.1541129615932109,0.22808577638091168,-1.1228844843604313,0.12643492558832695,0.9610134634611788,0.7437088488462403,Belize,2013
20,0.13131042901625709,-0.2338144025136329,0.22808577638091168,-1.1228844843604313,0.12643492558832695,-0.33093146086531494,-0.38098329682549065,Brazil,2010
21,-0.7328575479436663,-0.36673855338394534,-1.7486576189203225,-1.1228844843604313,-4.256642494807006,-0.5336031774825121,-0.42884514150960545,Brazil,2011
22,-0.9452274402985484,-0.34867900372920685,-3.7254010142215566,-1.1228844843604313,-2.0651037846093394,-0.2996418708445093,-0.36629423963343494,Brazil,2012
23,-0.9398067184681644,-0.3660698119620975,0.22808577638091168,-1.1228844843604313,0.12643492558832695,-0.5226271271557896,-0.40974936715993304,Brazil,2013
24,-0.4861709891625632,-0.308798697862989,0.22808577638091168,0.8905635565617213,0.12643492558832695,-0.35354285817112807,-0.1277194690724637,Bulgaria,2010
25,0.8872825468616615,-0.3611562962398209,0.22808577638091168,-1.1228844843604313,0.12643492558832695,-0.5297603228404734,-0.4244384243519887,Bulgaria,2011
26,1.187302013973962,-0.26827526416264663,0.22808577638091168,-1.1228844843604313,0.12643492558832695,-0.4568650949074588,-0.36433569867449417,Bulgaria,2012
27,0.4031333995108344,-0.2630853747386832,0.22808577638091168,0.8905635565617213,0.12643492558832695,-0.40699927853943624,-0.37939198229635124,Bulgaria,2013
28,0.5240067532286707,0.5789345965004636,0.22808577638091168,0.8905635565617213,0.12643492558832695,0.5585880039994912,0.057607469167305615,Chile,2010
29,0.9694676842900638,2.170442171452393,2.204829171682146,0.8905635565617213,4.5095123459836595,1.7630766160287115,3.3074389640996937,Chile,2011
30,-0.6478746186028078,-0.3011752570181068,0.22808577638091168,0.8905635565617213,0.12643492558832695,-0.2612875270100582,0.040959871016309164,Chile,2012
31,-0.5652960416867164,-0.3565056733904757,0.22808577638091168,0.8905635565617213,0.12643492558832695,-0.49668176379086965,-0.36568219558376597,Chile,2013
32,3.779019065878354,-0.34339308443150984,0.22808577638091168,-1.1228844843604313,0.12643492558832695,-0.5264602152878028,-0.42296951863278315,Colombia,2010
33,-0.650978419005689,0.1038217023019658,0.22808577638091168,0.8905635565617213,0.12643492558832695,1.4492577043223827,0.18601431078785913,Colombia,2011
34,-0.9295335762896141,-0.35816475823948046,-3.7254010142215566,-1.1228844843604313,-2.0651037846093394,-0.4313319087859602,-0.39420344829834075,Colombia,2012
35,-0.05286296672090183,-0.26099577248810957,0.22808577638091168,0.8905635565617213,0.12643492558832695,-0.3437061322795717,-0.30337611132746306,Colombia,2013
36,2.1496112853630147,-0.3113808432922733,0.22808577638091168,-1.1228844843604313,0.12643492558832695,-0.5066708243485666,-0.4234591538725183,Costa Rica,2010
37,-0.7297100320421531,-0.2928901704005291,0.22808577638091168,0.8905635565617213,0.12643492558832695,-0.1464500217723921,-0.11229595902080523,Costa Rica,2011
38,-0.5934488228058074,0.31176813570992773,0.22808577638091168,0.8905635565617213,0.12643492558832695,2.022297970786151,4.150223620493889,Costa Rica,2012
39,-0.7136664440441618,-0.3664665745081815,0.22808577638091168,0.8905635565617213,0.12643492558832695,-0.5323618769485248,-0.42725382698046604,Costa Rica,2013
40,-0.790081135653123,-0.366778525343017,0.22808577638091168,-1.1228844843604313,0.12643492558832695,-0.5335043487941482,-0.42872273269967165,Cyprus,2010
41,-0.8393485026115323,-0.34951514250130844,0.22808577638091168,0.8905635565617213,0.12643492558832695,-0.4024898023625102,-0.26077784547050153,Cyprus,2011
42,-0.5822576551559824,-0.3666499994907089,0.22808577638091168,-1.1228844843604313,0.12643492558832695,-0.5338190516894632,-0.42835550626987023,Cyprus,2012
43,1.8018107782457975,-0.2618334353496637,0.22808577638091168,0.8905635565617213,0.12643492558832695,-0.46795861040749626,-0.3861244668427101,Cyprus,2013
44,0.3478332937411914,0.2702338738727177,0.22808577638091168,-1.1228844843604313,0.12643492558832695,0.2941722583991551,-0.009105332246613992,Czech Republic,2010
45,-0.686606550390874,-0.3651370996482019,0.22808577638091168,-1.1228844843604313,0.12643492558832695,-0.5264365810965496,-0.41280958740827794,Czech Republic,2011
46,1.3320003144463086,-0.14966972538127576,0.22808577638091168,-1.1228844843604313,0.12643492558832695,-0.3683893840510553,-0.276813399571829,Czech Republic,2012
47,-0.5839188441040033,-0.023452749916270662,0.22808577638091168,-1.1228844843604313,0.12643492558832695,0.7228368395351245,-0.3003158910791181,Czech Republic,2013
48,-0.870823661626665,-0.357028398956042,0.22808577638091168,0.8905635565617213,0.12643492558832695,-0.4498683060844793,-0.40864768787052885,Denmark,2010
49,0.7394804459864339,0.7196602037051257,0.22808577638091168,0.8905635565617213,0.12643492558832695,0.5712106268758309,0.09090266546929852,Denmark,2011
50,1.1849850925464591,6.2946373130154,0.22808577638091168,-1.1228844843604313,0.12643492558832695,4.904128579493664,4.08803994504752,Denmark,2012
51,-1.020724106436235,-0.3495719405704775,0.22808577638091168,0.8905635565617213,0.12643492558832695,-0.0530344978910625,-0.2575952164122228,Denmark,2013
0,0.09328169071211322,-0.3754219783015116,0.22808577638091168,0.9622504486493761,0.19999999999999984,-0.5288663006577969,-0.430675679836444,Bahamas,2010
1,-0.051540179603724236,-0.3674783699454632,0.22808577638091168,-1.0392304845413263,0.19999999999999984,-0.5136453416569468,-0.42953895428240424,Bahamas,2011
2,-0.3806629204518262,-0.37771915630751246,0.22808577638091168,0.9622504486493761,0.19999999999999984,-0.5302260901406537,-0.43155979971180825,Bahamas,2012
3,0.924228137498504,-0.15590305103487592,0.22808577638091168,-1.0392304845413263,0.19999999999999984,-0.34217352900007847,-0.17769109264292374,Bahamas,2013
4,-0.8765097259589427,-0.37906695795627243,-3.7254010142215566,-1.0392304845413263,-2.4,-0.5298127399946946,-0.4300441656397552,Bahrain,2010
5,-0.5168340138278091,0.7312776748003171,0.22808577638091168,0.9622504486493761,0.19999999999999984,2.897841055226694,0.7589707638858563,Bahrain,2011
6,-0.7570110390488612,-0.35531555490446365,0.22808577638091168,-1.0392304845413263,0.19999999999999984,-0.39979250557863305,-0.32344456923869125,Bahrain,2012
7,-0.4535653770267821,-0.27257902245335347,0.22808577638091168,0.9622504486493761,0.19999999999999984,-0.23744807805522652,-0.17920672671497678,Bahrain,2013
8,-0.766920110816331,-0.23726359089319646,0.22808577638091168,0.9622504486493761,0.19999999999999984,0.2584672332880957,-0.1658186257451749,Barbados,2010
9,-0.6846197647476241,-0.3617514652825399,0.22808577638091168,0.9622504486493761,0.19999999999999984,-0.4560817077656375,-0.3926585251957802,Barbados,2011
10,0.26975754028514565,-0.3680514103305827,0.22808577638091168,0.9622504486493761,0.19999999999999984,-0.5203000540827163,-0.4271392003349869,Barbados,2012
11,-0.17217919620133199,-0.2828996207844523,0.22808577638091168,-1.0392304845413263,0.19999999999999984,-0.34719931788435515,-0.24223184354451577,Barbados,2013
12,1.5024539325010535,-0.23361665418826036,0.22808577638091168,-1.0392304845413263,0.19999999999999984,-0.43655447151827304,-0.3608302096826663,Belgium,2010
13,-0.8474903014970671,-0.3460333983495022,0.22808577638091168,0.9622504486493761,0.19999999999999984,-0.2826515238081622,-0.31675051875379034,Belgium,2011
14,-0.9341946794624273,-0.37108486235959626,0.22808577638091168,0.9622504486493761,0.19999999999999984,-0.43007763820099604,-0.38154387533405787,Belgium,2012
15,-0.34775064636701597,-0.3698591220114671,0.22808577638091168,0.9622504486493761,0.19999999999999984,-0.5114704761146363,-0.4037731750575025,Belgium,2013
16,1.0388902536649394,-0.26348201633175644,0.22808577638091168,-1.0392304845413263,0.19999999999999984,-0.43947075517871403,-0.31144579950160467,Belize,2010
17,0.8190032325391825,0.8354052251948106,0.22808577638091168,0.9622504486493761,0.19999999999999984,0.5810572622839876,0.8789584612567221,Belize,2011
18,-0.9419017352815704,-0.37356872335477853,0.22808577638091168,0.9622504486493761,0.19999999999999984,-0.4559090075834788,-0.4177927902239931,Belize,2012
19,0.8083863699311792,1.2160169081716994,0.22808577638091168,-1.0392304845413263,0.19999999999999984,0.9457138575722237,0.8348787703278461,Belize,2013
20,-0.022166859721581805,-0.2574844029326786,0.22808577638091168,-1.0392304845413263,0.19999999999999984,-0.33226527896287117,-0.38432253779948844,Brazil,2010
21,-0.7550056316673496,-0.37936776337758954,-1.7486576189203225,-1.0392304845413263,-5.0,-0.5333815872743792,-0.43193870822982156,Brazil,2011
22,-0.933015028061538,-0.3594616790836987,-3.7254010142215566,-1.0392304845413263,-2.4,-0.29546906406514084,-0.3874801087829323,Brazil,2012
23,-0.9269594842036398,-0.37860450370719756,0.22808577638091168,-1.0392304845413263,0.19999999999999984,-0.5224785297525076,-0.40604662616558207,Brazil,2013
24,-0.4939487766505576,-0.3199149867386899,0.22808577638091168,0.9622504486493761,0.19999999999999984,-0.35535079672415176,-0.11757094111815307,Bulgaria,2010
25,0.8836481293079136,-0.3734421474249119,0.22808577638091168,-1.0392304845413263,0.19999999999999984,-0.5296081535033204,-0.4261287776202849,Bulgaria,2011
26,1.1507998498959666,-0.27819864012880546,0.22808577638091168,-1.0392304845413263,0.19999999999999984,-0.4545659456546563,-0.3705555283116733,Bulgaria,2012
27,0.39869343840234117,-0.2685972460871898,0.22808577638091168,0.9622504486493761,0.19999999999999984,-0.4057069717601141,-0.37131334534769983,Bulgaria,2013
28,0.5041542736418405,0.586934452607863,0.22808577638091168,0.9622504486493761,0.19999999999999984,0.5542470569232347,0.0718833178884772,Chile,2010
29,0.9252505020459413,2.2350811389297607,2.204829171682146,0.9622504486493761,2.8,1.7542727863696033,3.282754099532847,Chile,2011
30,-0.5670085200789654,-0.29789912312215183,0.22808577638091168,0.9622504486493761,0.19999999999999984,-0.2570804427269279,0.02388823894013086,Chile,2012
31,-0.5088910277284882,-0.3677132209094433,0.22808577638091168,0.9622504486493761,0.19999999999999984,-0.497603031401231,-0.3766180645998855,Chile,2013
32,3.7489427386411864,-0.35421731237158577,0.22808577638091168,-1.0392304845413263,0.19999999999999984,-0.5261424500229178,-0.42511835490558286,Colombia,2010
33,-0.6458092336583676,0.12159922427562926,0.22808577638091168,0.9622504486493761,0.19999999999999984,1.4660030485588977,0.181640485272985,Colombia,2011
34,-0.9010464750974392,-0.36903978015946537,-3.7254010142215566,-1.0392304845413263,-2.4,-0.43056434386922265,-0.4037731750575025,Colombia,2012
35,-0.11999928256866396,-0.2757031430602013,0.22808577638091168,0.9622504486493761,0.19999999999999984,-0.3449055638506603,-0.29313188779763044,Colombia,2013
36,2.481250021532231,-0.3084522571974459,0.22808577638091168,-1.0392304845413263,0.19999999999999984,-0.5032415212929343,-0.4260024747809471,Costa Rica,2010
37,-0.7196947330673978,-0.3014063803077331,0.22808577638091168,-1.0392304845413263,0.19999999999999984,-0.15056312107298003,-0.08258505462159534,Costa Rica,2011
38,-0.4782594130187305,0.49154451436265273,0.22808577638091168,0.9622504486493761,0.19999999999999984,2.0139509571726557,3.7810188007202847,Costa Rica,2012
39,-0.7299183785417714,-0.37908790214248766,0.22808577638091168,0.9622504486493761,0.19999999999999984,-0.5321242233455465,-0.4314334968724705,Costa Rica,2013
40,-0.8111963600630411,-0.3794112984201094,0.22808577638091168,-1.0392304845413263,0.19999999999999984,-0.5332857582360138,-0.4313071940331328,Cyprus,2010
41,-0.8121794028971154,-0.3599662138009316,0.22808577638091168,0.9622504486493761,0.19999999999999984,-0.40391048916041433,-0.27949118114915306,Cyprus,2011
42,-0.5577679174386663,-0.3792458125697961,0.22808577638091168,-1.0392304845413263,0.19999999999999984,-0.5335912959885142,-0.431180891193795,Cyprus,2012
43,1.9365656480282991,-0.262508420351039,0.22808577638091168,0.9622504486493761,0.19999999999999984,-0.46757104242991887,-0.3945530677858465,Cyprus,2013
44,0.26378063985397343,0.2522128085150871,0.22808577638091168,-1.0392304845413263,0.19999999999999984,0.28882732803396105,-0.03307434160119597,Czech Republic,2010
45,-0.7158412051578263,-0.37782048828071896,0.22808577638091168,-1.0392304845413263,0.19999999999999984,-0.526178872617973,-0.41476152207988704,Czech Republic,2011
46,1.4152383722619748,-0.14057258838402661,0.22808577638091168,-1.0392304845413263,0.19999999999999984,-0.3684092515616048,-0.28782716854544477,Czech Republic,2012
47,-0.5957920142606632,-0.02616529823325496,0.22808577638091168,-1.0392304845413263,0.19999999999999984,0.7307329208247694,-0.2394531810790852,Czech Republic,2013
48,-0.8284979139427501,-0.36728441526500594,0.22808577638091168,0.9622504486493761,0.19999999999999984,-0.4491540054382681,-0.4094568028277014,Denmark,2010
49,0.672490528548737,0.7327634596394992,0.22808577638091168,0.9622504486493761,0.19999999999999984,0.568719434254566,0.09701758291669015,Denmark,2011
50,1.0248524019943572,6.210024997823883,0.22808577638091168,-1.0392304845413263,0.19999999999999984,4.905325909869778,4.413290814445078,Denmark,2012
51,-1.0074903531710129,-0.3602004254754603,0.22808577638091168,0.9622504486493761,0.19999999999999984,-0.05032757244519851,-0.2470313514393504,Denmark,2013
0,0.1870610944727815,-0.36403812905100347,0.22808577638091168,0.8563488385776753,0.19999999999999984,-0.52813064595546,-0.4346162154059218,Bahamas,2010
1,-0.042470842386253774,-0.3557751747768749,0.22808577638091168,-1.1677484162422842,0.19999999999999984,-0.51377643233266,-0.4328274286306193,Bahamas,2011
2,-0.368032697639224,-0.3665399151224983,0.22808577638091168,0.8563488385776753,0.19999999999999984,-0.5295411536025946,-0.43512729734172256,Bahamas,2012
3,0.8602512543117965,-0.16305705162878087,0.22808577638091168,-1.1677484162422842,0.19999999999999984,-0.34019911362130073,-0.16834252685374557,Bahamas,2013
4,-0.8729457494160159,-0.36781168532300934,-3.7254010142215566,-1.1677484162422842,-2.4,-0.5290072132310889,-0.4309108713713666,Bahrain,2010
5,-0.5452589768198607,0.6485612116115377,0.22808577638091168,0.8563488385776753,0.19999999999999984,2.9112351782912325,0.8198343960169509,Bahrain,2011
6,-0.7715626738690573,-0.34622302999842003,0.22808577638091168,-1.1677484162422842,0.19999999999999984,-0.4020865719124764,-0.33763841808773476,Bahrain,2012
7,-0.40901908408565674,-0.25825867073870545,0.22808577638091168,0.8563488385776753,0.19999999999999984,-0.23596531895041836,-0.17613652637470656,Bahrain,2013
8,-0.7371962222225469,-0.21595651958979908,0.22808577638091168,0.8563488385776753,0.19999999999999984,0.2636133376769442,-0.1739644281475535,Barbados,2010
9,-0.6454161385149818,-0.349288258506039,0.22808577638091168,0.8563488385776753,0.19999999999999984,-0.4550136856284401,-0.3947518244134655,Barbados,2011
10,0.168590659105097,-0.35813000364898395,0.22808577638091168,0.8563488385776753,0.19999999999999984,-0.5194545229863461,-0.43129418282321713,Barbados,2012
11,-0.23408117742845003,-0.28290704570081615,0.22808577638091168,-1.1677484162422842,0.19999999999999984,-0.3486195328298029,-0.23197222786093546,Barbados,2013
12,1.4484038566283524,-0.23349449743728654,0.22808577638091168,-1.1677484162422842,0.19999999999999984,-0.4360899187865238,-0.3598704822950662,Belgium,2010
13,-0.8279955748486421,-0.3321873334832367,0.22808577638091168,0.8563488385776753,0.19999999999999984,-0.2796282041810792,-0.3178339930754568,Belgium,2011
14,-0.9325251626153168,-0.35963797699031946,0.22808577638091168,0.8563488385776753,0.19999999999999984,-0.42968025158741724,-0.37315861262588496,Belgium,2012
15,-0.33570943574577616,-0.3589540823692638,0.22808577638091168,0.8563488385776753,0.19999999999999984,-0.5110378748876746,-0.4072733318405832,Belgium,2013
16,0.9646173868982263,-0.26255576734331826,0.22808577638091168,-1.1677484162422842,0.19999999999999984,-0.43905736946501606,-0.3186006159791579,Belize,2010
17,0.7508997387278943,0.7387604773298807,0.22808577638091168,0.8563488385776753,0.19999999999999984,0.5789294891710786,0.8947078996117567,Belize,2011
18,-0.9339145316473993,-0.36192339048960426,0.22808577638091168,0.8563488385776753,0.19999999999999984,-0.45563120955365677,-0.42247801943065466,Belize,2012
19,0.7566206700364692,1.0936219195838004,0.22808577638091168,-1.1677484162422842,0.19999999999999984,0.9358996875840042,0.8621264262044607,Belize,2013
20,-0.13555856753577886,-0.26710862460391105,0.22808577638091168,0.8563488385776753,0.19999999999999984,-0.33318976491214675,-0.37418077649748643,Brazil,2010
21,-0.7455324364150417,-0.36813091428269407,-1.7486576189203225,-1.1677484162422842,-5.0,-0.5326950209342117,-0.4349995268577724,Brazil,2011
22,-0.9336284850819706,-0.3476729769759501,-3.7254010142215566,-1.1677484162422842,-2.4,-0.2902513080037945,-0.38925769360360774,Brazil,2012
23,-0.9159344618204498,-0.3672803610142079,0.22808577638091168,-1.1677484162422842,0.19999999999999984,-0.5218098155973907,-0.41059536442328787,Brazil,2013
24,-0.5353699384150384,-0.3157132061346241,0.22808577638091168,0.8563488385776753,0.19999999999999984,-0.35633636800963786,-0.12592272618228562,Bulgaria,2010
25,0.8768010913116023,-0.3625646907566897,0.22808577638091168,-1.1677484162422842,0.19999999999999984,-0.5289356747147478,-0.4316774942750677,Bulgaria,2011
26,1.0958310328398966,-0.2754004596558596,0.22808577638091168,0.8563488385776753,0.19999999999999984,-0.4553263500330623,-0.36434244923332254,Bulgaria,2012
27,0.39379103368763985,-0.2623123139813665,0.22808577638091168,0.8563488385776753,0.19999999999999984,-0.403681920226538,-0.3828691694060987,Bulgaria,2013
28,0.4033531617319721,0.4866894593868078,0.22808577638091168,0.8563488385776753,0.19999999999999984,0.5276256224772276,0.09550352250337728,Chile,2010
29,1.0114881598334788,2.1906961350895284,2.204829171682146,0.8563488385776753,2.8,1.7343216875891911,3.240318443969171,Chile,2011
30,-0.5222935239954388,-0.2826503789293288,0.22808577638091168,0.8563488385776753,0.19999999999999984,-0.25580460244114056,-0.0005798814271584983,Chile,2012
31,-0.49315763811676827,-0.35685990673189455,0.22808577638091168,0.8563488385776753,0.19999999999999984,-0.49782615744966136,-0.3789082844036431,Chile,2013
32,3.5344597307100494,-0.3450782191246376,0.22808577638091168,-1.1677484162422842,0.19999999999999984,-0.5253063473566117,-0.4280999207244626,Colombia,2010
33,-0.6392865692557945,0.12705293590871442,0.22808577638091168,0.8563488385776753,0.19999999999999984,1.4853177444925452,0.27502105245338093,Colombia,2011
34,-0.9115620357488962,-0.35831402421277603,-3.7254010142215566,-1.1677484162422842,-2.4,-0.42921657393390183,-0.3970516931245687,Colombia,2012
35,-0.206498115762107,-0.2791974674406661,0.22808577638091168,0.8563488385776753,0.19999999999999984,-0.34568337673438354,-0.30518471516438894,Colombia,2013
36,2.723313398744258,-0.2913820945451605,0.22808577638091168,-1.1677484162422842,0.19999999999999984,-0.499693513476787,-0.4287387731442135,Costa Rica,2010
37,-0.7196656541412711,-0.29764006756985284,0.22808577638091168,-1.1677484162422842,0.19999999999999984,-0.15377167249564755,-0.11110135004406467,Costa Rica,2011
38,-0.4173552982781515,0.5433882574608363,0.22808577638091168,0.8563488385776753,0.19999999999999984,1.9935878149074895,3.5306129835039815,Costa Rica,2012
39,-0.7299224667016446,-0.367868150243336,0.22808577638091168,0.8563488385776753,0.19999999999999984,-0.5314231625490128,-0.4341051334701211,Costa Rica,2013
40,-0.8053570323847101,-0.36817503621816744,0.22808577638091168,-1.1677484162422842,0.19999999999999984,-0.5326024317450841,-0.43448844492197164,Cyprus,2010
41,-0.8456078705200404,-0.35165252583233975,0.22808577638091168,0.8563488385776753,0.19999999999999984,-0.40502278429311706,-0.2746475695002958,Cyprus,2011
42,-0.5550254238394992,-0.36802380849968214,0.22808577638091168,0.8563488385776753,0.19999999999999984,-0.5329649085706049,-0.43448844492197164,Cyprus,2012
43,2.1826853900839347,-0.24854247498445037,0.22808577638091168,0.8563488385776753,0.19999999999999984,-0.466920148783251,-0.39577398828506694,Cyprus,2013
44,0.14382719929798013,0.18271833348675015,0.22808577638091168,-1.1677484162422842,0.19999999999999984,0.2843312897582258,-0.028817158380148398,Czech Republic,2010
45,-0.6701387345270374,-0.36640639219479376,0.22808577638091168,-1.1677484162422842,0.19999999999999984,-0.5254451279507306,-0.4189004458800496,Czech Republic,2011
46,1.3954852420240351,-0.1440810647411531,0.22808577638091168,-1.1677484162422842,0.19999999999999984,-0.36778791524372423,-0.2930465191891218,Czech Republic,2012
47,-0.570267619397345,-0.00789650780939904,0.22808577638091168,-1.1677484162422842,0.19999999999999984,0.7419636478357858,-0.2884467817669153,Czech Republic,2013
48,-0.7816560312491858,-0.35395379166990343,0.22808577638091168,0.8563488385776753,0.19999999999999984,-0.44768570628120036,-0.4185171344281991,Denmark,2010
49,0.7338595361873536,0.7297915417362068,0.22808577638091168,0.8563488385776753,0.19999999999999984,0.5702467245458448,0.1261684386514206,Denmark,2011
50,1.1664028069106736,6.296445457744752,0.22808577638091168,-1.1677484162422842,0.19999999999999984,4.912313334122209,4.612828982562011,Denmark,2012
51,-1.0077962731181374,-0.3470817389880111,0.22808577638091168,0.8563488385776753,0.19999999999999984,-0.0470858872034341,-0.22558370366342645,Denmark,2013
0,0.11364965948001227,-0.36313311229508966,0.2474358296526968,0.8905635565617211,0.2474358296526968,-0.5275182395116901,-0.43762285956677993,Bahamas,2010
1,-0.031090027632980858,-0.35421844307892897,0.2474358296526968,-1.122884484360431,0.2474358296526968,-0.5115414897564804,-0.4357983554133205,Bahamas,2011
2,-0.4025437631567136,-0.36558029896764693,0.2474358296526968,0.8905635565617211,0.2474358296526968,-0.5289942765821278,-0.4382744681930154,Bahamas,2012
3,0.8659640244468912,-0.1555232398181301,0.2474358296526968,-1.122884484360431,0.2474358296526968,-0.33951229937851457,-0.17424265284239437,Bahamas,2013
4,-0.8817024815812946,-0.3668007906124967,-4.04145188432738,-1.122884484360431,-4.04145188432738,-0.5283487430656499,-0.43592867713856764,Bahrain,2010
5,-0.5687058725567745,0.6385813092623749,0.2474358296526968,0.8905635565617211,0.2474358296526968,2.9210793911983015,0.9033876932258611,Bahrain,2011
6,-0.7716260128184094,-0.3447719281481715,0.2474358296526968,-1.122884484360431,0.2474358296526968,-0.4043520604492764,-0.32463392377754574,Bahrain,2012
7,-0.41262257807037095,-0.2541988123273024,0.2474358296526968,0.8905635565617211,0.2474358296526968,-0.23465480312033837,-0.19835217201310754,Bahrain,2013
8,-0.7449863216348601,-0.21277937167215877,0.2474358296526968,0.8905635565617211,0.2474358296526968,0.2676203315189825,-0.16212273239441422,Barbados,2010
9,-0.6377951606707866,-0.34721853139508735,0.2474358296526968,0.8905635565617211,0.2474358296526968,-0.4540467853683492,-0.39891730716839174,Barbados,2011
10,0.08080458029079945,-0.35765827002597605,0.2474358296526968,0.8905635565617211,0.2474358296526968,-0.5187547441177168,-0.4335828860841199,Barbados,2012
11,-0.257171679813844,-0.28226344237873763,0.2474358296526968,-1.122884484360431,0.2474358296526968,-0.34918357395301647,-0.22220104773332652,Barbados,2013
12,1.4723529593697586,-0.2276727860755511,0.2474358296526968,-1.122884484360431,0.2474358296526968,-0.43579683650817924,-0.35213180780468345,Belgium,2010
13,-0.8225339093234708,-0.32875424700798744,0.2474358296526968,0.8905635565617211,0.2474358296526968,-0.27671586522845093,-0.3110804643518475,Belgium,2011
14,-0.9365233297587172,-0.3585155524962758,0.2474358296526968,0.8905635565617211,0.2474358296526968,-0.4293131303352359,-0.3715497448665011,Belgium,2012
15,-0.2908467790547697,-0.35723003751811266,0.2474358296526968,0.8905635565617211,0.2474358296526968,-0.5106134189756241,-0.4073882193094531,Belgium,2013
16,0.9878188729912272,-0.2576179903541403,0.2474358296526968,-1.122884484360431,0.2474358296526968,-0.43877707687960127,-0.3245036020522986,Belize,2010
17,0.7645039543160739,0.7762035944569458,0.2474358296526968,0.8905635565617211,0.2474358296526968,0.5763243219334366,0.8314501008894629,Belize,2011
18,-0.9379066965115721,-0.3608904252473357,0.2474358296526968,0.8905635565617211,0.2474358296526968,-0.45570939346491857,-0.42472100876731717,Belize,2012
19,0.8293640926427865,1.1592178565552793,0.2474358296526968,-1.122884484360431,0.2474358296526968,0.9276046507912956,0.8513893248522689,Belize,2013
20,-0.18124460746429186,-0.26987125520344524,0.2474358296526968,0.8905635565617211,0.2474358296526968,-0.3377034614465566,-0.3720710317674895,Brazil,2010
21,-0.7426938853015577,-0.3671140390254186,0.2474358296526968,-1.122884484360431,0.2474358296526968,-0.532137501321319,-0.4380138247425212,Brazil,2011
22,-0.9340727943679455,-0.3455480559042562,-4.04145188432738,-1.122884484360431,-4.04145188432738,-0.285659732471575,-0.38353934358923414,Brazil,2012
23,-0.9172747695118499,-0.36624039512337275,0.2474358296526968,-1.122884484360431,0.2474358296526968,-0.5212669745513071,-0.4114281927921132,Brazil,2013
24,-0.5235685916493364,-0.31244561770757645,0.2474358296526968,0.8905635565617211,0.2474358296526968,-0.357932157813171,-0.13214873558758164,Bulgaria,2010
25,0.9552899919169526,-0.36113116317008054,0.2474358296526968,-1.122884484360431,0.2474358296526968,-0.528380539444879,-0.43345256435887275,Bulgaria,2011
26,1.1481313172649301,-0.2700635568295136,0.2474358296526968,0.8905635565617211,0.2474358296526968,-0.4553388204409536,-0.3676400931090882,Bulgaria,2012
27,0.5097668479689301,-0.24846038619034938,0.2474358296526968,0.8905635565617211,0.2474358296526968,-0.4018257003600452,-0.3822361263367632,Bulgaria,2013
28,0.37431548048224866,0.4993134380256662,0.2474358296526968,0.8905635565617211,0.2474358296526968,0.5233916905510753,0.11650511618388183,Chile,2010
29,0.6008319050711518,1.7300979805381695,0.2474358296526968,-1.122884484360431,0.2474358296526968,1.7137065530856026,2.994139131365058,Chile,2011
30,-0.4753879038856176,-0.27118431659251246,0.2474358296526968,0.8905635565617211,0.2474358296526968,-0.2542333677821437,-0.01603207839241709,Chile,2012
31,-0.46479526703518553,-0.35514802111082505,0.2474358296526968,0.8905635565617211,0.2474358296526968,-0.49795648673089715,-0.38041162218330377,Chile,2013
32,3.669613660075797,-0.342338778231773,0.2474358296526968,-1.122884484360431,0.2474358296526968,-0.5245864569711423,-0.4316280602054134,Colombia,2010
33,-0.6364117939179316,0.15103828898228494,0.2474358296526968,0.8905635565617211,0.2474358296526968,1.5021110504709974,0.26298673536162026,Colombia,2011
34,-0.8922160689029921,-0.3556723453470813,-4.04145188432738,-1.122884484360431,-4.04145188432738,-0.4278897397287674,-0.4024359937500634,Colombia,2012
35,-0.19519684928594302,-0.2754809838311246,0.2474358296526968,0.8905635565617211,0.2474358296526968,-0.3472052546179551,-0.2980482918271377,Colombia,2013
36,2.5883346812800156,-0.2866063424220032,0.2474358296526968,-1.122884484360431,0.2474358296526968,-0.4966230493471655,-0.4326706340073902,Costa Rica,2010
37,-0.6916674145033943,-0.2895269378636969,0.2474358296526968,-1.122884484360431,0.2474358296526968,-0.1794328510496372,-0.11312176370150528,Costa Rica,2011
38,-0.41610075733469193,0.5671080144125445,0.2474358296526968,0.8905635565617211,0.2474358296526968,1.9730950481133456,3.424852433306718,Costa Rica,2012
39,-0.7327336446810021,-0.366850687557521,0.2474358296526968,0.8905635565617211,0.2474358296526968,-0.5308620346196243,-0.4369712509405444,Costa Rica,2013
40,-0.8061706568754153,-0.3671634347436825,0.2474358296526968,-1.122884484360431,0.2474358296526968,-0.5320492421679673,-0.4369712509405444,Cyprus,2010
41,-0.8267630591107702,-0.34893761064630757,0.2474358296526968,0.8905635565617211,0.2474358296526968,-0.4060736444998256,-0.2762845637108723,Cyprus,2011
42,-0.45412358065601893,-0.36691652956226734,0.2474358296526968,0.8905635565617211,0.2474358296526968,-0.532401887842285,-0.43788350301727413,Cyprus,2012
43,2.196446642578397,-0.24359248095451835,0.2474358296526968,0.8905635565617211,0.2474358296526968,-0.4663075660030101,-0.3871883518961529,Cyprus,2013
44,0.1269695050717869,0.18660068151573686,0.2474358296526968,-1.122884484360431,0.2474358296526968,0.29113243221237245,0.022934117456465286,Czech Republic,2010
45,-0.677003726923132,-0.3653633481550208,0.2474358296526968,-1.122884484360431,0.2474358296526968,-0.5248485723221634,-0.4209416787351513,Czech Republic,2011
46,1.4447646738413944,-0.13200112915112108,0.2474358296526968,-1.122884484360431,0.2474358296526968,-0.367319759538322,-0.28788319725786404,Czech Republic,2012
47,-0.5524216696374536,0.019277412933486938,0.2474358296526968,-1.122884484360431,0.2474358296526968,0.7501615683651827,-0.24930796658472296,Czech Republic,2013
48,-0.7638001094736871,-0.3515097002404436,0.2474358296526968,0.8905635565617211,0.2474358296526968,-0.4466031561868793,-0.42029007010891584,Denmark,2010
49,0.712015067236321,0.747212524537893,0.2474358296526968,0.8905635565617211,0.2474358296526968,0.577630672823153,0.1408752788050892,Denmark,2011
50,1.1438626427132634,6.423329328243203,0.2474358296526968,-1.122884484360431,0.2474358296526968,4.9173989208905065,4.852266289938185,Denmark,2012
51,-1.0050987959359545,-0.3439860344805437,0.2474358296526968,0.8905635565617211,0.2474358296526968,-0.042785938001488964,-0.19913410236459012,Denmark,2013
